,아파트명,매매가(억),전세가(억),전세가율,시공일자,가압류,압류,신탁,소유권이전,임차권등기명령,근저당,근저당정규화,지역,시공일자_datetime,시공일자_년도,label
0,삼성쉐르빌,2.69,2.6,0.966542751,2020-06-26 00:00:00,0,0,0,0,0,1.95,1.691449814,서울 강서구 화곡동 379-42,2020-06-26 00:00:00,2020,1
1,혜성팰리스,3.3,3.3,1,2008-12-19 00:00:00,0,1,0,1,1,0.7,1.212121212,서울 강서구 화곡동 930-1,2008-12-19 00:00:00,2008,1
2,밀리언하우스,3.55,3.52,0.991549296,2020-07-02 00:00:00,1,1,0,0,0,2.25,1.625352113,서울 중랑구 묵동 248-32,2020-07-02 00:00:00,2020,1
3,HB엘림캐슬,1.83,2.48,1.355191257,2019-03-11 00:00:00,0,1,0,0,1,2.48,2.710382514,인천 부평구 부평동 222-3,2019-03-11 00:00:00,2019,1
4,신영베르디움A동 (402호),2.55,2.55,1,2019-01-18 00:00:00,1,1,0,0,1,20.4,9,서울 강서구 화곡동 372-18,2019-01-18 00:00:00,2019,1
5,그린아트빌,1.07,0.85,0.794392523,2015-07-29 00:00:00,0,0,0,0,0,1.248,1.960747664,인천 미추홀구 주안동 233-7,2015-07-29 00:00:00,2015,1
6,주영팰리스,1.35,1.2,0.888888889,2014-04-08 00:00:00,0,1,1,1,0,1.32,1.866666667,인천 미추홀구 도화동 389-13,2014-04-08 00:00:00,2014,1
7,삼성맨션,1.87,0.7,0.374331551,2010-07-01 00:00:00,0,1,0,0,1,1.625,1.243315508,인천 미추홀구 주안동 1580-16,2010-07-01 00:00:00,2010,1
8,한아름 아파트,1.139,0.85,0.746268657,2015-10-28 00:00:00,0,1,0,0,0,0.12,0.851624232,인천 미추홀구 숭의동 121-46,2015-10-28 00:00:00,2015,1
9,청솔빌라(우이동),2.2,2.2,1,2020-06-04 00:00:00,1,1,0,0,0,9,5.090909091,서울특별시 강북구 우이동,2020-06-04 00:00:00,2020,1
10,한집시티빌,0.868,0.6,0.69124424,2016-08-01 00:00:00,0,0,0,0,1,0.6,1.382488479,부산 수영구 광안동 88-22,2016-08-01 00:00:00,2016,1
11,세움아파트,1.946,0.75,0.385405961,2017-06-27 00:00:00,0,0,0,0,0,1.51,1.161356629,인천 미추홀구 숭의동 187-50,2017-06-27 00:00:00,2017,1
12,행복타운,1.26,0.58,0.46031746,2015-05-29 00:00:00,0,0,0,0,0,1.34,1.523809524,인천 미추홀구 도화동 642-6,2015-05-29 00:00:00,2015,1
13,행복캐슬,1.18,0.75,0.63559322,2014-08-22 00:00:00,1,0,0,0,0,1.196,1.649152542,인천 미추홀구 숭의동 122-3,2014-08-22 00:00:00,2014,1
14,한마음 아파트,1.45,0.62,0.427586207,2017-01-23 00:00:00,0,0,0,0,0,1.416,1.404137931,인천광역시 미추홀구 숭의동 353-21,2017-01-23 00:00:00,2017,1
15,새힘아파트,1.26,0.68,0.53968254,2016-05-30 00:00:00,0,1,0,0,0,1.404,1.653968254,인천광역시 미추홀구 숭의동 1-87,2016-05-30 00:00:00,2016,1
16,권선하우스(202호),2.7,1.85,0.685185185,2019-10-14 00:00:00,0,0,0,0,0,18,7.351851852,수원 권선구 권선동 988-3,2019-10-14 00:00:00,2019,1
17,미리내오피스텔(402호),1.47,1.45,0.986394558,2019-04-05 00:00:00,1,1,0,1,1,0,0.986394558,서울 강서구 화곡동 937-12,2019-04-05 00:00:00,2019,1
18,올레오아파트(303호),1.29,0.75,0.581395349,2015-03-06 00:00:00,0,1,0,0,0,1.308,1.595348837,인천 미추홀구 주안동 94-3,2015-03-06 00:00:00,2015,1
19,토브하우스(304호),1.13,1.99,1.761061947,2018-09-05 00:00:00,0,0,0,1,1,0,1.761061947,서울 구로구 개봉동 318-12,2018-09-05 00:00:00,2018,1
20,주은스카이빌(1002호),1.32,0.9,0.681818182,2014-09-29 00:00:00,0,0,0,0,0,1.235,1.617424242,인천 미추홀구 주안동 230-6,2014-09-29 00:00:00,2014,1
21,성우아파트(1201호),1.34,0.97,0.723880597,2015-11-13 00:00:00,0,0,0,0,0,1.32,1.708955224,인천 미추홀구 주안동 229-7,2015-11-13 00:00:00,2015,1
22,세움캐슬(1301호),1.5,0.83,0.553333333,2018-04-11 00:00:00,0,1,0,0,0,1.416,1.497333333,인천 미추홀구 숭의동 164-17,2018-04-11 00:00:00,2018,1
23,"새빛타운(102동,1303호)",1.65,0.85,0.515151515,2019-04-18 00:00:00,0,1,0,0,0,1.608,1.48969697,인천 미추홀구 숭의동 388-6,2019-04-18 00:00:00,2019,1
24,"새빛타운(101동,1402호)",1.79,0.73,0.407821229,2019-04-18 00:00:00,0,0,0,0,0,1.824,1.426815642,인천 미추홀구 숭의동 388-2,2019-04-18 00:00:00,2019,1
25,에쓰갤러리(701호),1.09,0.6,0.550458716,2014-07-11 00:00:00,0,1,0,1,0,1.053,1.516513761,인천 미추홀구 숭의동 159-26,2014-07-11 00:00:00,2014,1
26,주은캐슬(402호),1.25,0.7,0.56,2013-05-14 00:00:00,0,1,0,0,0,1.183,1.5064,인천 미추홀구 주안동 69-25,2013-05-14 00:00:00,2013,1
27,더존아파트(1004호),1.57,1,0.636942675,2018-03-02 00:00:00,0,0,0,0,1,1.44,1.554140127,인천 미추홀구 숭의동 346-35,2018-03-02 00:00:00,2018,1
28,대영아파트(904호),1.46,0.79,0.54109589,2017-06-30 00:00:00,0,0,0,0,0,1.4924,1.563287671,인천 미추홀구 도화동 440-1,2017-06-30 00:00:00,2017,1
29,토브하우스(502호),1.18,2.55,2.161016949,2018-09-23 00:00:00,0,1,1,1,1,0,2.161016949,서울 구로구 개봉동 318-12,2018-09-23 00:00:00,2018,1
30,미리내오피스텔(502호),1.5,1.5,1,2019-04-05 00:00:00,1,1,0,0,1,0,1,서울 강서구 화곡동 937-12,2019-04-05 00:00:00,2019,1
31,주은스카이빌(801호),1.33,1,0.751879699,2014-09-29 00:00:00,0,0,0,0,0,1.235,1.680451128,인천 미추홀구 주안동 230-6,2014-09-29 00:00:00,2014,1
32,에쓰갤러리(501호),1.09,0.61,0.559633028,2014-07-11 00:00:00,0,1,0,0,0,1.053,1.525688073,인천 미추홀구 숭의동 159-26,2014-07-11 00:00:00,2014,1
33,"새빛타운(102동,1401호)",1.73,0.9,0.520231214,2019-04-18 00:00:00,0,1,0,0,0,1.764,1.539884393,인천 미추홀구 숭의동 388-6,2019-04-18 00:00:00,2019,1
34,대명아파트(1405호),1.78,0.78,0.438202247,2016-08-11 00:00:00,0,0,0,0,0,1.2415,1.135674157,인천 미추홀구 주안동 622-1,2016-08-11 00:00:00,2016,1
35,새힘아파트(802),1.26,0.95,0.753968254,2016-05-30 00:00:00,0,0,0,0,1,1.404,1.868253968,미추홀구 숭의동 1-87,2016-05-30 00:00:00,2016,1
36,신화파크빌(202호),1.42,1.42,1,2010-06-14 00:00:00,0,1,0,0,1,0,1,인천광역시 서구 석남동 203-9,2010-06-14 00:00:00,2010,1
37,원주단관8차청솔아파트,1.12,0.85,0.758928571,2002-11-30 00:00:00,0,0,0,0,0,0.286,1.014285714,강원 원주시 관설동 1713-2,2002-11-30 00:00:00,2002,1
38,동산힐(201호),2.46,2.4,0.975609756,2016-06-07 00:00:00,0,0,0,0,0,0,0.975609756,서울특별시 중랑구 용마산로 102길 27-11,2016-06-07 00:00:00,2016,1
39,라뜰리에,2.23,2.69,1.206278027,2019-02-26 00:00:00,1,1,0,0,1,13.44,7.233183857,서울 강서구 화곡동 98-81,2019-02-26 00:00:00,2019,1
40,우성,2.6,2.6,1,2017-11-03 00:00:00,1,1,0,0,1,0,1,서울 강서구 화곡동 408-86,2017-11-03 00:00:00,2017,1
41,덕용팰리체,1.79,2.25,1.25698324,2019-03-08 00:00:00,1,1,0,0,1,20.4,12.65363128,서울 강서구 화곡동 360-2,2019-03-08 00:00:00,2019,1
42,더누림,2.1,2.24,1.066666667,2018-09-17 00:00:00,1,0,0,0,1,0,1.066666667,서울 강서구 화곡동 1041-16,2018-09-17 00:00:00,2018,1
43,수림하우스(연제구 거제동),1,0.8,0.8,2019-06-28 00:00:00,1,0,0,0,1,0.8625,1.6625,부산광역시 연제구 거제대로124번길 40,2019-06-28 00:00:00,2019,1
44,LK드림빌,2.35,2.27,0.965957447,2019-03-14 00:00:00,0,1,0,0,1,0,0.965957447,서울 강서구 화곡동 458-25,2019-03-14 00:00:00,2019,1
45,남광아파트,2.1,2.1,1,2017-04-07 00:00:00,1,1,0,0,0,0,1,서울 강서구 화곡동 920-15,2017-04-07 00:00:00,2017,1
46,하나아이파크빌,2.24,2.3,1.026785714,2019-03-15 00:00:00,1,0,0,0,1,0,1.026785714,서울 강서구 화곡동 162-7,2019-03-15 00:00:00,2019,1
47,아줄리움,1.64,1.65,1.006097561,2016-07-01 00:00:00,1,1,0,0,1,0,1.006097561,서울 강서구 화곡동 1038-13,2016-07-01 00:00:00,2016,1
48,대성아트빌 ,2.11,2.29,1.085308057,2019-01-09 00:00:00,1,1,0,0,1,0,1.085308057,서울 강서구 화곡동 392-17,2019-01-09 00:00:00,2019,1
49,까사지오,1.68,2.15,1.279761905,2019-04-03 00:00:00,1,1,0,0,1,0,1.279761905,서울 강서구 방화동 249-313,2019-04-03 00:00:00,2019,1
50,이도트라움2,2.37,2.49,1.050632911,2018-11-15 00:00:00,1,1,0,0,0,0,1.050632911,서울 강서구 화곡동 366-32,2018-11-15 00:00:00,2018,1
51,미성하르딘,2.07,2.19,1.057971014,2018-01-16 00:00:00,0,0,0,0,1,0,1.057971014,서울 강서구 화곡동 1102-5,2018-01-16 00:00:00,2018,1
52,아줄리움(등촌동),2.92,2.92,1,2019-06-26 00:00:00,1,1,0,0,1,0,1,서울 강서구 등촌동 637-16,2019-06-26 00:00:00,2019,1
53,와이앤비,2.42,2.75,1.136363636,2018-07-17 00:00:00,1,1,0,0,1,0,1.136363636,서울 강서구 화곡동 61-111,2018-07-17 00:00:00,2018,1
54,청송평화헬스하우스,2.13,2.12,0.995305164,2018-02-19 00:00:00,0,0,0,0,1,0,0.995305164,서울 강서구 화곡동 341-50,2018-02-19 00:00:00,2018,1
55,남성아트빌,2.6,2.4,0.923076923,2013-12-27 00:00:00,0,0,0,0,1,0,0.923076923,서울 강서구 화곡동 166-35,2013-12-27 00:00:00,2013,1
56,보람홈타운,2.02,2.7,1.336633663,2018-05-02 00:00:00,0,0,0,0,1,0,1.336633663,서울 강서구 방화동 482-4,2018-05-02 00:00:00,2018,1
57,블루힐,2.1,2.35,1.119047619,2019-05-27 00:00:00,1,1,0,0,1,0,1.119047619,서울 강서구 화곡동 841-5,2019-05-27 00:00:00,2019,1
58,대아빌라,1.79,1.79,1,1993-03-02 00:00:00,0,0,0,1,1,0,1,서울 강서구 화곡동 820-1,1993-03-02 00:00:00,1993,1
59,한울뜨란채,1.5,1.5,1,2011-11-02 00:00:00,1,1,0,0,0,1.68,2.12,서울 강서구 화곡동 852-2,2011-11-02 00:00:00,2011,1
60,경민아트빌,1.9,1.9,1,2018-04-19 00:00:00,1,1,0,0,1,0,1,서울 강서구 화곡동 368-23,2018-04-19 00:00:00,2018,1
61,다안빌라트,2.3,2.2,0.956521739,2016-01-14 00:00:00,1,1,0,0,1,0,0.956521739,서울 강서구 화곡동 870-60,2016-01-14 00:00:00,2016,1
62,성우리치빌,0.77,0.77,1,2002-07-05 00:00:00,1,1,0,0,1,0.612,1.794805195,서울 강서구 화곡동 56-667,2002-07-05 00:00:00,2002,1
63,미루하우스2차,2.09,2.09,1,2011-05-26 00:00:00,0,0,0,0,1,0,1,서울 강서구 화곡동 1015-7,2011-05-26 00:00:00,2011,1
64,감성빌,2.25,2.25,1,2016-07-12 00:00:00,1,1,0,0,1,0,1,서울 강서구 화곡동 424-69,2016-07-12 00:00:00,2016,1
65,도무스힐르,1.8,1.8,1,2019-06-21 00:00:00,1,1,0,0,0,0,1,서울 강서구 화곡동 56-93,2019-06-21 00:00:00,2019,1
66,남광아트빌,1.6,1.6,1,2012-03-30 00:00:00,0,0,0,0,0,0,1,서울 강서구 화곡동 1047-33,2012-03-30 00:00:00,2012,1
67,도양라비앙빌,1.5,1.5,1,2010-12-17 00:00:00,0,0,0,0,0,0,1,서울 강서구 화곡동 29-65,2010-12-17 00:00:00,2010,1
68,폴라비엘,2.6,2.84,1.092307692,2018-08-10 00:00:00,1,0,0,0,1,0,1.092307692,서울 강서구 화곡동 1038-4,2018-08-10 00:00:00,2018,1
69,로즈빌,1.83,2.05,1.120218579,2018-01-31 00:00:00,1,1,0,0,1,27,15.87431694,서울 강서구 화곡동 24-113,2018-01-31 00:00:00,2018,1
70,엔에스타운,2.1,1.98,0.942857143,2019-02-12 00:00:00,0,0,0,0,1,0,0.942857143,서울 강서구 화곡동 105-128,2019-02-12 00:00:00,2019,1
71,성운빌라,2.1,2,0.952380952,2001-07-21 00:00:00,0,0,0,0,1,1.08,1.466666667,서울 강서구 화곡동 152-9,2001-07-21 00:00:00,2001,1
72,수정맨션,1.9,1.65,0.868421053,2002-04-12 00:00:00,0,0,0,0,1,0.429,1.094210526,서울 강서구 화곡동 455-19,2002-04-12 00:00:00,2002,1
73,에비앙하우스,2.6,2.82,1.084615385,2017-12-18 00:00:00,1,1,0,0,1,0,1.084615385,서울 강서구 화곡동 393-9,2017-12-18 00:00:00,2017,1
74,대림캐슬,2.2,2.12,0.963636364,2017-06-19 00:00:00,0,1,0,0,0,4.8,3.145454545,서울 강서구 화곡동 80-50,2017-06-19 00:00:00,2017,1
75,아데나팰리스,1.85,1.85,1,2016-03-01 00:00:00,1,1,0,0,0,0,1,서울 강서구 화곡동 362-153,2016-03-01 00:00:00,2016,1
76,드림시드아파트1차,1.9,1.98,1.042105263,2017-12-04 00:00:00,1,1,0,0,1,0,1.042105263,서울 강서구 화곡동 899-13,2017-12-04 00:00:00,2017,1
77,다솜,1.51,1.6,1.059602649,2015-03-13 00:00:00,1,1,0,0,1,0,1.059602649,서울 강서구 화곡동 381-2,2015-03-13 00:00:00,2015,1
78,프리즘파스텔,1.9,1.9,1,2000-06-08 00:00:00,1,0,0,0,1,0,1,서울 강서구 화곡동 402-4,2000-06-08 00:00:00,2000,1
79,스페이스빌,2.97,2.69,0.905723906,2018-04-18 00:00:00,0,0,0,0,1,0,0.905723906,서울 강서구 내발산동 709-10,2018-04-18 00:00:00,2018,1
80,더뿌리건축,2.55,1.8,0.705882353,2019-02-22 00:00:00,1,0,0,0,0,6,3.058823529,광주 북구 일곡동 872-1,2019-02-22 00:00:00,2019,1
81,더뿌리건축,1.07,0.8,0.747663551,2014-07-03 00:00:00,1,0,0,0,0,0.6,1.308411215,광주광역시 북구 일곡로49번길 86-5,2014-07-03 00:00:00,2014,1
82,고야드빌라,2.07,2.37,1.144927536,2017-11-30 00:00:00,0,1,0,0,1,0,1.144927536,서울 강서구 공항동 659-5,2017-11-30 00:00:00,2017,1
83,타운빌라,1.4,1.5,1.071428571,1991-12-10 00:00:00,1,1,0,0,1,0,1.071428571,서울 강서구 화곡동 971-10,1991-12-10 00:00:00,1991,1
84,라움,1.67,2.23,1.335329341,2016-04-26 00:00:00,1,1,0,0,0,0.748,1.783233533,서울 강서구 화곡동 46-31,2016-04-26 00:00:00,2016,1
85,은탑빌라2차,1.75,1.75,1,1995-04-21 00:00:00,1,1,0,0,1,0,1,서울 관악구 신림동 481-13,1995-04-21 00:00:00,1995,1
86,동방빌라,0.55,0.25,0.454545455,1991-05-20 00:00:00,1,1,0,1,0,0.5775,1.504545455,서울 강서구 화곡동 102-169,1991-05-20 00:00:00,1991,1
87,삼흥하이츠빌라,1.55,1.55,1,1992-02-21 00:00:00,1,1,0,0,1,0,1,서울 강서구 화곡동 410-20,1992-02-21 00:00:00,1992,1
88,신의쉐르빌,1.4,2.3,1.642857143,2016-09-21 00:00:00,1,1,0,0,1,0,1.642857143,서울 은평구 갈현동 268-48,2016-09-21 00:00:00,2016,1
89,유성아이비,2.45,2.35,0.959183673,2017-09-25 00:00:00,1,1,0,0,1,60,25.44897959,서울 은평구 신사동 270-53,2017-09-25 00:00:00,2017,1
90,그린모닝빌,0.94,1.24,1.319148936,2002-11-04 00:00:00,1,1,0,0,0,0,1.319148936,서울특별시 강서구 까치산로17길 22,2002-11-04 00:00:00,2002,1
91,다인홈타운,1.43,1.8,1.258741259,2016-04-22 00:00:00,0,1,0,0,1,2.2,2.797202797,서울 강서구 화곡동 29-22,2016-04-22 00:00:00,2016,1
92,에스엠피렌체,1.92,1.9,1.328671329,2016-02-12 00:00:00,1,1,0,0,0,0,1.328671329,서울 강서구 등촌동 636-5,2016-02-12 00:00:00,2016,1
93,세명클래스,2.15,2.2,1.023255814,2015-11-26 00:00:00,0,1,0,0,1,0,1.023255814,서울 강서구 등촌동 365-59,2015-11-26 00:00:00,2015,1
94,서인뷰그라스,3.32,3.1,0.93373494,2016-11-29 00:00:00,1,1,0,0,1,0.216,0.998795181,서울특별시 강서구 등촌로51길 86,2016-11-29 00:00:00,2016,1
95,프레미오725,2.5,2.55,1.02,2016-08-24 00:00:00,1,1,0,0,1,21.06,9.444,서울 관악구 신림동 725-27,2016-08-24 00:00:00,2016,1
96,프라임빌,1.81,1.95,1.077348066,2018-07-18 00:00:00,1,1,0,0,1,0,1.077348066,서울 강서구 화곡동 42-65,2018-07-18 00:00:00,2018,1
97,포시즌빌,2.5,2.4,0.96,2016-05-27 00:00:00,1,1,0,0,1,1,1.36,서울 관악구 봉천동 660-10,2016-05-27 00:00:00,2016,1
98,한신위너스,1.86,1.89,1.016129032,2017-04-14 00:00:00,1,1,0,0,1,0.556,1.315053763,서울 관악구 신림동 1678-46,2017-04-14 00:00:00,2017,1
99,우림아트빌,2.82,2.39,0.84751773,2018-12-20 00:00:00,0,1,0,0,1,0.758,1.116312057,서울 관악구 신림동 610-243,2018-12-20 00:00:00,2018,1
100,대우아트빌,3.3,3.3,1,2018-03-05 00:00:00,0,1,0,0,1,0,1,서울 관악구 신림동 610-12,2018-03-05 00:00:00,2018,1
101,라임카운티,2.11,2.2,1.042654028,2018-02-23 00:00:00,0,1,0,1,1,0,1.042654028,서울 관악구 신림동 652-10,2018-02-23 00:00:00,2018,1
102,더빌,2.9,2.9,1,2018-05-29 00:00:00,1,1,0,1,1,0,1,서울 관악구 봉천동 41-383,2018-05-29 00:00:00,2018,1
103,영화캐슬,2.66,2.4,0.902255639,2018-01-23 00:00:00,1,1,0,0,1,0,0.902255639,서울시 은평구 응암로13길 11-2,2018-01-23 00:00:00,2018,1
104,진주리츠빌,3.6,3.6,1,2015-04-08 00:00:00,0,1,0,0,1,1.248,1.346666667,서울 관악구 신림동 1490-21,2015-04-08 00:00:00,2015,1
105,성은빌리지,2.3,2.3,1,2003-05-21 00:00:00,1,1,0,1,1,0,1,서울 강서구 화곡동 55-90,2003-05-21 00:00:00,2003,1
106,예그린,2,2,1,2018-08-27 00:00:00,0,1,0,0,1,1.125,1.5625,서울 관악구 신림동 610-179,2018-08-27 00:00:00,2018,1
107,신원센스빌,2,2,1,2011-01-27 00:00:00,0,0,0,0,1,0,1,서울 강서구 화곡동 823-23,2011-01-27 00:00:00,2011,1
108,영타운빌라,1.95,1.5,0.769230769,2003-10-22 00:00:00,1,1,0,0,0,1.4016,1.488,서울 강서구 화곡동 105-495,2003-10-22 00:00:00,2003,1
109,궁전아트빌라2차,1.98,1.98,1,1996-09-18 00:00:00,1,0,0,0,1,1.21,1.611111111,서울 강서구 화곡동 455-15,1996-09-18 00:00:00,1996,1
110,더클래식,2.39,3.07,1.284518828,2018-09-07 00:00:00,1,1,0,1,0,0,1.284518828,서울 강서구 화곡동 1033-2,2018-09-07 00:00:00,2018,1
111,화곡갤럭시오피스텔,2.12,2.35,1.108490566,2018-07-10 00:00:00,1,1,0,0,1,0,1.108490566,서울 강서구 화곡동 105-357,2018-07-10 00:00:00,2018,1
112,마루,1.68,2.18,1.297619048,2017-12-28 00:00:00,0,0,0,0,1,0,1.297619048,서울 강서구 화곡동 105-102,2017-12-28 00:00:00,2017,1
113,마루하우스2차,2.09,2.09,1,2011-05-26 00:00:00,0,0,0,0,1,0,1,서울 강서구 화곡동 1015-7,2011-05-26 00:00:00,2011,1
114,모노6차,1.72,1.91,1.110465116,2017-12-05 00:00:00,1,1,1,1,1,0,1.110465116,서울 강서구 화곡동 410-92,2017-12-05 00:00:00,2017,1
115,라온제나,2.74,2.74,1,2018-03-30 00:00:00,1,1,0,0,1,0,1,서울 강서구 등촌동 568-13,2018-03-30 00:00:00,2018,1
116,헤렌하우스,1.61,2,1.242236025,2018-01-16 00:00:00,1,1,0,0,1,11.52,8.397515528,서울 금천구 시흥동 864-10,2018-01-16 00:00:00,2018,1
117,세방스테이,2.07,2.19,1.057971014,2017-07-17 00:00:00,1,0,0,0,0,0,1.057971014,서울 금천구 독산동 884-18,2017-07-17 00:00:00,2017,1
118,어반캐슬,1.6,2.19,1.36875,2019-07-15 00:00:00,0,1,0,0,0,14.95,10.7125,서울 금천구 시흥동 819-35,2019-07-15 00:00:00,2019,1
119,해비치빌,2.07,2.28,1.101449275,2018-06-01 00:00:00,1,1,0,0,1,0.653,1.416908213,서울 금천구 시흥동 823-63,2018-06-01 00:00:00,2018,1
120,고센아트빌,1.75,1.89,1.08,2018-04-04 00:00:00,1,1,0,0,1,11.9472,7.906971429,서울 금천구 시흥동 204-4,2018-04-04 00:00:00,2018,1
121,첼시하우스5차,2.03,2.25,1.108374384,2017-08-09 00:00:00,1,1,0,0,0,1.2,1.699507389,서울 금천구 시흥동 823-70,2017-08-09 00:00:00,2017,1
122,현부스카이2,2.3,2.24,0.973913043,2018-08-30 00:00:00,1,1,0,1,1,0,0.973913043,서울 금천구 시흥동 828-4,2018-08-30 00:00:00,2018,1
123,힐사이드,1.67,1.8,1.077844311,2017-05-08 00:00:00,1,1,0,0,1,0,1.077844311,서울 금천구 독산동 938-3,2017-05-08 00:00:00,2017,1
124,예일센트럴,1.85,1.95,1.054054054,2017-12-06 00:00:00,0,1,0,0,0,2.2,2.243243243,서울 금천구 시흥동 847-7,2017-12-06 00:00:00,2017,1
0,미아한일유앤아이,4.13,3,0.726392252,2002-11-29 00:00:00,0,0,0,0,0,0,0.726392252,서울특별시 강북구 미아동,2002-11-29 00:00:00,2002,0
1,길음뉴타운9단지래미안,5.3,5.2,0.981132075,2010-09-30 00:00:00,0,0,0,0,0,0.6,1.094339623,서울특별시 강북구 길음동,2010-09-30 00:00:00,2010,0
2,그린하우스,2.44,2.3,0.942622951,2020-04-28 00:00:00,0,0,0,0,0,1.62,1.606557377,서울특별시 은평구 갈현동,2020-04-28 00:00:00,2020,0
3,우진명가,3.35,2.95,0.880597015,2019-02-08 00:00:00,0,0,1,0,0,0,0.880597015,서울특별시 구로구 고척동,2019-02-08 00:00:00,2019,0
4,궁골별장빌,2,2.1,1.05,2004-03-02 00:00:00,0,0,0,0,0,0,1.05,서울특별시 구로구 궁동,2004-03-02 00:00:00,2004,0
5,정원부르네오,3.15,2.4,0.761904762,2007-03-19 00:00:00,0,0,0,0,0,0,0.761904762,부산광역시 수영구 광안동,2007-03-19 00:00:00,2007,0
6,대동아파트,1.2,0.55,0.458333333,1983-12-05 00:00:00,0,0,0,0,0,0,0.458333333,인천광역시 미추홀구 도화동,1983-12-05 00:00:00,1983,0
7,남부아주,1.45,1.25,0.862069,1984-10-15 00:00:00,0,0,0,0,0,0,0.862068966,인천광역시 미추홀구 주안동,1984-10-15 00:00:00,1984,0
8,아주,1.18,0.8,0.6779661,1983-09-14 00:00:00,0,0,0,0,0,0.36,0.983050847,인천광역시 미추홀구 주안동,1983-09-14 00:00:00,1983,0
9,거성빌라,0.9,0.4,0.444444444,1991-06-14 00:00:00,0,0,0,0,0,0,0.444444444,인천광역시 미추홀구 주안동,1991-06-14 00:00:00,1991,0
10,경보빌라,0.73,0.6,0.821917808,2002-07-03 00:00:00,0,0,0,0,0,0,0.821917808,인천광역시 미추홀구 주안동,2002-07-03 00:00:00,2002,0
11,공명빌리지,0.92,0.22,0.239130435,1994-08-26 00:00:00,0,0,0,0,0,0.84,1.152173913,인천광역시 미추홀구 주안동,1994-08-26 00:00:00,1994,0
12,동진연립(다세대주택),0.92,0.95,1.032608696,1982-09-28 00:00:00,0,0,0,0,0,0,1.032608696,경기도 수원시 팔달구 화서동,1982-09-28 00:00:00,1982,0
13,해운대롯데4차,3.5,2.4,0.685714286,1999-10-21 00:00:00,0,0,0,0,1,2.64,1.44,부산광역시 해운대구 좌동,1999-10-21 00:00:00,1999,0
14,쏠데까사(도시형),1.45,1,0.689655172,2012-07-09 00:00:00,0,0,0,0,0,0,0.689655172,부산광역시 해운대구 송정동,2012-07-09 00:00:00,2012,0
15,센텀빌,2.24,0.7,0.3125,2017-03-27 00:00:00,0,0,0,0,0,1.08,0.794642857,부산광역시 해운대구 우동,2017-03-27 00:00:00,2017,0
16,두산마이빌,1.9,1.7,0.894736842,2003-08-26 00:00:00,0,0,0,0,0,1.44,1.652631579,서울특별시 구로구 구로동,2003-08-26 00:00:00,2003,0
17,수성아트빌,0.99,0.85,0.858585859,2002-06-05 00:00:00,0,0,0,0,0,0,0.858585859,인천광역시 미추홀구 숭의동,2002-06-05 00:00:00,2002,0
18,대종빌라 ,0.66,0.21,0.318181818,1992-04-22 00:00:00,0,0,0,0,0,0.483,1.05,인천광역시 미추홀구 숭의동,1992-04-22 00:00:00,1992,0
19,다솔주택,1.1,0.4,0.363636364,2002-05-15 00:00:00,0,0,0,0,0,0.24,0.581818182,인천광역시 미추홀구 주안동,2002-05-15 00:00:00,2002,0
20,라인빌라C동,0.285,0.19,0.666666667,1992-02-19 00:00:00,1,0,0,0,0,0.417,2.129824561,인천광역시 미추홀구 숭의동 ,1992-02-19 00:00:00,1992,0
21,미도홈타운,0.9,0.24,0.266666667,2002-08-08 00:00:00,0,0,0,0,0,0,0.266666667,인천광역시 미추홀구 숭의동 ,2002-08-08 00:00:00,2002,0
22,범호파인빌 101동,0.85,0.7,0.823529412,2001-11-28 00:00:00,0,0,0,0,1,0,0.823529412,인천광역시 미추홀구 숭의동 ,2001-11-28 00:00:00,2001,0
23,에이스센텀스카이뷰,1.12,1.1,0.982142857,2013-09-16 00:00:00,0,0,0,0,1,0,0.982142857,부산광역시 수영구 광안동,2013-09-16 00:00:00,2013,0
24,대양아트빌,0.9,0.5,0.555555556,2000-10-17 00:00:00,0,1,0,0,0,0,0.555555556,인천광역시 미추홀구 주안동,2000-10-17 00:00:00,2000,0
25,금빛쉐르빌,1.78,1.1,0.617977528,2010-10-11 00:00:00,0,0,0,0,0,0,0.617977528,인천광역시 미추홀구 숭의동,2010-10-11 00:00:00,2010,0
26,경동아파트,2.1,2.05,0.976190476,2005-06-03 00:00:00,0,0,0,1,0,0,0.976190476,부산광역시 부산진구 연지동,2005-06-03 00:00:00,2005,0
27,봉황,2.17,2,0.921658986,1986-06-25 00:00:00,0,0,0,0,0,0,0.921658986,부산광역시 부산진구 연지동,1986-06-25 00:00:00,1986,0
28,대림아트빌,1.9,1.3,0.684210526,2009-12-14 00:00:00,0,0,0,1,0,0,0.684210526,인천광역시 미추홀구 숭의동,2009-12-14 00:00:00,2009,0
29,주안유스빌,1.4,1.25,0.892857143,2001-04-25 00:00:00,0,0,0,0,0,0,0.892857143,인천광역시 미추홀구 주안동,2001-04-25 00:00:00,2001,0
30,월영동아2차,1.58,1.1,0.696202532,1998-11-30 00:00:00,0,0,0,0,0,1.023,1.343670886,경남 창원시 마산합포구 월영동,1998-11-30 00:00:00,1998,0
31,해오름,2.65,2,0.754716981,2005-09-07 00:00:00,0,0,0,0,0,0,0.754716981,경남 창원시 마산합포구 해운동,2005-09-07 00:00:00,2005,0
32,기전시티텔,0.7,0.5,0.714285714,1998-11-18 00:00:00,0,0,0,0,0,0,0.714285714,경남 창원시 마산합포구 신포동2가,1998-11-18 00:00:00,1998,0
33,주경파크빌,1.75,0.3,0.171428571,2014-06-26 00:00:00,1,1,1,1,0,1.547,1.055428571,인천광역시 미추홀구 숭의동,2014-06-26 00:00:00,2014,0
34,롯데원룸,1.84,1.1,0.597826087,2003-12-05 00:00:00,0,0,0,0,0,3.96,2.75,부산광역시 동래구 명장동,2003-12-05 00:00:00,2003,0
35,에덴빌라,0.54,0.5,0.925925926,1988-11-03 00:00:00,1,1,0,0,0,0,0.925925926,수원시 권선구 권선동,1988-11-03 00:00:00,1988,0
36,한일그랜드빌라,1.61,1.5,0.931677019,1997-05-28 00:00:00,0,0,0,1,0,0.6,1.304347826,수원시 권선구 권선동,1997-05-28 00:00:00,1997,0
37,효림맨숀,1.4,1.1,0.785714286,1993-06-17 00:00:00,0,0,0,0,0,0,0.785714286,수원시 권선구 권선동,1993-06-17 00:00:00,1993,0
38,개화빌라트,1.7,1.1,0.647058824,2002-06-24 00:00:00,0,1,0,0,0,0.396,0.88,서울특별시 구로구 개봉동,2002-06-24 00:00:00,2002,0
39,개봉빌라,1.5,0.9,0.6,1994-03-02 00:00:00,0,0,0,0,1,0.672,1.048,서울특별시 구로구 개봉동,1994-03-02 00:00:00,1994,0
40,대림베스트빌,2.23,1.85,0.829596413,2002-07-18 00:00:00,0,1,0,0,0,0,0.829596413,서울특별시 구로구 개봉동,2002-07-18 00:00:00,2002,0
41,로얄아트빌,1.29,1.2,0.930232558,2003-01-16 00:00:00,0,0,0,0,0,0,0.930232558,서울특별시 구로구 개봉동,2003-01-16 00:00:00,2003,0
42,명진빌라,2.25,1.3,0.577777778,2002-07-04 00:00:00,0,0,0,0,0,0,0.577777778,서울특별시 구로구 개봉동,2002-07-04 00:00:00,2002,0
43,벽담리치빌,2.6,2.6,1,2010-11-09 00:00:00,0,0,0,0,0,0,1,서울특별시 구로구 개봉동,2010-11-09 00:00:00,2010,0
44,석윤빌라,1.5,0.8,0.533333333,2002-04-19 00:00:00,0,0,0,0,0,0,0.533333333,서울특별시 구로구 개봉동,2002-04-19 00:00:00,2002,0
45,우승빌리지,1.6,1.3,0.8125,2001-05-02 00:00:00,0,0,0,0,0,0,0.8125,서울특별시 구로구 개봉동,2001-05-02 00:00:00,2001,0
46,광림빌라,2.25,1.6,0.711111111,2003-02-14 00:00:00,1,0,0,0,1,0,0.711111111,서울특별시 중랑구 묵동,2003-02-14 00:00:00,2003,0
47,낙원빌라,2.25,2,0.888888889,1995-06-22 00:00:00,1,0,0,0,0,0.276,1.011555556,서울특별시 중랑구 묵동,1995-06-22 00:00:00,1995,0
48,대성빌,1.5,1.3,0.866666667,2013-09-13 00:00:00,0,0,0,0,0,0,0.866666667,서울특별시 중랑구 묵동,2013-09-13 00:00:00,2013,0
49,로얄파크빌,2.15,1.4,0.651162791,2003-06-09 00:00:00,0,0,0,0,0,1.164,1.19255814,서울특별시 중랑구 묵동,2003-06-09 00:00:00,2003,0
50,성우,0.98,0.65,0.663265306,2012-07-10 00:00:00,0,0,0,0,0,0,0.663265306,서울특별시 중랑구 묵동,2012-07-10 00:00:00,2012,0
51,랜드하이츠,1.15,0.8,0.695652174,2003-10-14 00:00:00,0,0,0,0,0,0.912,1.488695652,대구광역시 중구 남산동,2003-10-14 00:00:00,2003,0
52,한두빌라,1.9,2.3,1.210526316,1995-08-31 00:00:00,0,0,0,0,0,0,1.210526316,서울특별시 중랑구 묵동,1995-08-31 00:00:00,1995,0
53,동양그린빌,1,0.8,0.8,2002-07-19 00:00:00,0,1,0,0,0,0,0.8,서울특별시 강북구 우이동,2002-07-19 00:00:00,2002,0
54,라일락맨션,2.3,1.55,0.673913043,2011-03-21 00:00:00,0,0,0,0,0,0,0.673913043,서울특별시 강북구 우이동,2011-03-21 00:00:00,2011,0
55,유앤아이빌,0.7,0.95,1.357142857,2001-10-06 00:00:00,0,0,0,0,0,0.072,1.46,서울특별시 강북구 우이동,2001-10-06 00:00:00,2001,0
56,초원아트빌,2.55,1.4,0.549019608,2008-11-14 00:00:00,0,0,0,0,0,0,0.549019608,서울특별시 강북구 우이동,2008-11-14 00:00:00,2008,0
57,현대우이빌b,0.67,0.4,0.597014925,2003-03-20 00:00:00,0,0,0,0,0,0,0.597014925,서울특별시 강북구 우이동,2003-03-20 00:00:00,2003,0
58,골든리치빌,2.5,1.8,0.72,2007-10-12 00:00:00,0,0,0,0,0,0,0.72,서울특별시 금천구 독산동,2007-10-12 00:00:00,2007,0
59,나산주택,1.9,1.8,0.947368421,2011-12-22 00:00:00,0,0,0,0,0,1.1,1.526315789,서울특별시 금천구 독산동,2011-12-22 00:00:00,2011,0
60,락크빌,2.19,1.9,0.867579909,2011-10-21 00:00:00,0,0,0,0,0,0,0.867579909,서울특별시 금천구 독산동,2011-10-21 00:00:00,2011,0
61,미소드림빌,1.67,1.5,0.898203593,2012-12-26 00:00:00,0,0,0,0,0,0.528,1.214371257,서울특별시 금천구 독산동,2012-12-26 00:00:00,2012,0
62,경호빌라,0.7,1,1.428571429,2002-08-19 00:00:00,0,0,0,0,0,0,1.428571429,경기 안산시 상록구 본오동,2002-08-19 00:00:00,2002,0
63,경희팰리스,1.6,1.3,0.8125,2012-03-09 00:00:00,0,0,0,0,0,0.9,1.375,경기 안산시 상록구 본오동,2012-03-09 00:00:00,2012,0
64,그레이스빌,1.34,1.2,0.895522388,2003-11-28 00:00:00,0,0,0,0,0,0.84,1.52238806,경기 안산시 상록구 본오동,2003-11-28 00:00:00,2003,0
65,대덕아트빌,2.1,1.5,0.714285714,2014-10-21 00:00:00,0,0,0,0,0,1.68,1.514285714,경기 안산시 상록구 본오동,2014-10-21 00:00:00,2014,0
66,대림빌,1.14,1.3,1.140350877,2008-03-20 00:00:00,0,0,0,0,0,0,1.140350877,경기 안산시 상록구 본오동,2008-03-20 00:00:00,2008,0
67,동산그랜드빌,1.48,1.1,0.743243243,2002-07-19 00:00:00,0,0,0,0,0,1.104,1.489189189,경기 안산시 상록구 본오동,2002-07-19 00:00:00,2002,0
68,로뎀아트빌,1.2,0.8,0.666666667,2001-08-25 00:00:00,1,0,0,0,0,0.6,1.166666667,경기 안산시 상록구 본오동,2001-08-25 00:00:00,2001,0
69,묵산킹스빌,1.3,1,0.769230769,2010-07-28 00:00:00,0,0,0,0,0,0.894,1.456923077,경기 안산시 상록구 본오동,2010-07-28 00:00:00,2010,0
70,삼성쉐르빌,1.22,0.87,0.713114754,2004-01-07 00:00:00,0,0,0,0,0,0,0.713114754,경기 안산시 상록구 본오동,2004-01-07 00:00:00,2004,0
71,영우아트빌,1.75,1.5,0.857142857,2010-05-18 00:00:00,0,0,0,0,0,1.152,1.515428571,경기 안산시 상록구 본오동,2010-05-18 00:00:00,2010,0
72,부림아트빌라,0.97,0.9,0.927835052,2001-04-14 00:00:00,0,0,0,0,0,0,0.927835052,서울특별시 양천구 신월동,2001-04-14 00:00:00,2001,0
73,그린빌리지,2.1,2.15,1.023809524,2011-01-12 00:00:00,1,1,0,0,0,0,1.023809524,서울특별시 양천구 신월동,2011-01-12 00:00:00,2011,0
74,동화빌라,1,0.84,0.84,1993-09-22 00:00:00,0,0,0,0,0,0,0.84,서울특별시 양천구 신월동,1993-09-22 00:00:00,1993,0
75,우정스카이뷰,2.2,1.2,0.545454545,2003-01-08 00:00:00,0,0,0,0,0,0,0.545454545,서울특별시 양천구 신월동,2003-01-08 00:00:00,2003,0
76,그린캐슬,1.7,1.5,0.882352941,2014-11-12 00:00:00,0,0,0,0,0,1.313,1.654705882,수원시 장안구 정자동,2014-11-12 00:00:00,2014,0
77,우석,1.25,1,0.8,1995-03-04 00:00:00,0,1,1,0,0,0.6,1.28,수원시 영통구 매탄동,1995-03-04 00:00:00,1995,0
78,동양파크빌,2.88,3.1,1.076388889,2002-12-09 00:00:00,0,0,0,0,0,2.04,1.784722222,성남시 분당구 서현동,2002-12-09 00:00:00,2002,0
79,광진신세계,1.78,1.4,0.786516854,2002-02-28 00:00:00,0,0,0,0,0,0,0.786516854,안양시 동안구 호계동,2002-02-28 00:00:00,2002,0
80,기풍빌리지,1.33,1.05,0.789473684,1995-04-06 00:00:00,0,0,0,0,0,0,0.789473684,안양시 동안구 호계동,1995-04-06 00:00:00,1995,0
81,현암빌라,1.7,1.3,0.764705882,1989-02-16 00:00:00,0,0,0,0,0,0,0.764705882,안양시 동안구 호계동,1989-02-16 00:00:00,1989,0
82,거성,1.4,1.1,0.785714286,2014-08-07 00:00:00,0,0,0,0,0,3.6,3.357142857,안양시 만안구 안양동,2014-08-07 00:00:00,2014,0
83,경인빌라,1.04,0.7,0.673076923,1989-11-13 00:00:00,0,0,0,0,0,0,0.673076923,안양시 만안구 안양동,1989-11-13 00:00:00,1989,0
84,대교빌라,1.4,1,0.714285714,1991-07-16 00:00:00,0,0,0,0,0,0.13,0.807142857,안양시 만안구 안양동,1991-07-16 00:00:00,1991,0
85,문원빌리지,1.9,1.15,0.605263158,2002-12-14 00:00:00,0,0,0,0,0,0,0.605263158,안양시 만안구 안양동,2002-12-14 00:00:00,2002,0
86,현대하이빌,1.64,1.35,0.823170732,2009-09-30 00:00:00,0,0,0,0,0,0,0.823170732,안양시 만안구 안양동,2009-09-30 00:00:00,2009,0
87,청기와빌라,0.84,0.84,1,1997-04-28 00:00:00,0,0,0,0,0,0.48,1.571428571,부산광역시 금정구 구서동,1997-04-28 00:00:00,1997,0
88,초원동궁빌라,1.36,1,0.735294118,2003-05-22 00:00:00,0,0,0,0,0,0,0.735294118,부산광역시 부산진구 초읍동,2003-05-22 00:00:00,2003,0
89,칠성주택,1.1,0.9,0.818181818,1979-11-17 00:00:00,0,0,0,0,0,0,0.818181818,부산광역시 금정구 구서동,1979-11-17 00:00:00,1979,0
90,낙원주택,0.72,0.6,0.833333333,1984-02-16 00:00:00,0,0,0,0,0,0,0.833333333,부산광역시 금정구 구서동,1984-02-16 00:00:00,1984,0
91,태광연립,0.96,0.4,0.416666667,1980-10-15 00:00:00,0,0,0,0,0,0,0.416666667,부산광역시 금정구 구서동,1980-10-15 00:00:00,1980,0
92,수정아트빌라,1.15,1,0.869565217,1999-12-02 00:00:00,0,0,0,0,0,0,0.869565217,부산광역시 금정구 장전동,1999-12-02 00:00:00,1999,0
93,화목골드빌라,1.27,0.9,0.708661417,2000-03-23 00:00:00,0,0,0,0,0,0,0.708661417,부산광역시 금정구 장전동,2000-03-23 00:00:00,2000,0
94,온천마루,1.26,0.8,0.634920635,2017-12-28 00:00:00,0,0,0,0,0,0,0.634920635,부산광역시 금정구 부곡동,2017-12-28 00:00:00,2017,0
95,금강블루빌,1,1,1,2001-08-14 00:00:00,0,0,0,0,0,0,1,서울특별시 은평구 응암동,2001-08-14 00:00:00,2001,0
96,남경샤인빌,2.5,2.2,0.88,2002-05-18 00:00:00,0,0,0,0,0,0,0.88,서울특별시 은평구 응암동,2002-05-18 00:00:00,2002,0
97,다원하이빌,1.38,1.2,0.869565217,2009-03-20 00:00:00,0,0,0,0,0,0.72,1.391304348,서울특별시 은평구 응암동,2009-03-20 00:00:00,2009,0
98,로얄쉐르빌,1.8,1.6,0.888888889,2001-12-18 00:00:00,0,0,0,0,0,0,0.888888889,서울특별시 은평구 응암동,2001-12-18 00:00:00,2001,0
99,만민베스트빌,1.46,1,0.684931507,2011-01-19 00:00:00,0,0,0,0,0,0,0.684931507,서울특별시 은평구 응암동,2011-01-19 00:00:00,2011,0
100,백년누리빌,1.1,1.1,1,2014-06-02 00:00:00,0,0,0,0,0,0.66,1.6,서울특별시 은평구 응암동,2014-06-02 00:00:00,2014,0
101,삼부하이빌,3.2,2.8,0.875,2008-08-28 00:00:00,0,0,0,0,0,1.38,1.30625,서울특별시 은평구 응암동,2008-08-28 00:00:00,2008,0
102,에디스빌,2.75,2.52,0.916363636,2014-08-14 00:00:00,0,0,0,0,0,0,0.916363636,서울특별시 은평구 응암동,2014-08-14 00:00:00,2014,0
103,주신빌라,1,1,1,2003-03-14 00:00:00,0,0,0,0,0,0,1,서울특별시 은평구 응암동,2003-03-14 00:00:00,2003,0
104,청우맨션,1.35,1.5,1.111111111,1997-12-09 00:00:00,0,0,0,0,0,0,1.111111111,서울특별시 은평구 응암동,1997-12-09 00:00:00,1997,0
105,토월성빌라,2.1,1.8,0.857142857,1996-03-22 00:00:00,0,0,0,0,0,0,0.857142857,서울특별시 은평구 응암동,1996-03-22 00:00:00,1996,0
106,현우쉐르빌,2.03,2.3,1.133004926,2003-08-05 00:00:00,0,0,0,0,0,1.63,1.935960591,서울특별시 은평구 응암동,2003-08-05 00:00:00,2003,0
107,강남빌라,4.2,1.5,0.357142857,2003-03-17 00:00:00,0,0,0,0,0,0,0.357142857,서울특별시 관악구 신림동,2003-03-17 00:00:00,2003,0
108,서안주택,3,2.55,0.85,1994-11-09 00:00:00,0,0,0,0,0,0,0.85,서울특별시 관악구 봉천동,1994-11-09 00:00:00,1994,0
109,뉴골드빌라,1.4,1.37,0.978571429,1993-12-31 00:00:00,0,0,0,0,0,0,0.978571429,서울특별시 관악구 신림동,1993-12-31 00:00:00,1993,0
110,도경아트빌,1.9,1,0.526315789,2008-12-29 00:00:00,0,0,0,0,0,0.26,0.663157895,서울특별시 관악구 신림동,2008-12-29 00:00:00,2008,0
111,모산아트빌라,3,2.8,0.933333333,2003-02-12 00:00:00,0,0,0,0,0,0,0.933333333,서울특별시 관악구 신림동,2003-02-12 00:00:00,2003,0
112,백년파크빌,2.75,2.4,0.872727273,2000-10-31 00:00:00,0,0,0,0,0,0,0.872727273,서울특별시 관악구 신림동,2000-10-31 00:00:00,2000,0
113,삼성빌라,2.1,1.7,0.80952381,2003-11-27 00:00:00,0,0,0,0,0,1.02,1.295238095,서울특별시 관악구 신림동,2003-11-27 00:00:00,2003,0
114,어진,2.08,1.7,0.817307692,2004-08-09 00:00:00,0,0,0,0,0,0,0.817307692,서울특별시 관악구 신림동,2004-08-09 00:00:00,2004,0
115,메트로팰리스,1.19,1.1,0.924369748,2005-03-18 00:00:00,0,0,0,0,0,0.72,1.529411765,서울특별시 동대문구 답십리동,2005-03-18 00:00:00,2005,0
116,자연채,2.03,1.85,0.911330049,2013-06-25 00:00:00,0,0,0,0,0,0,0.911330049,서울특별시 관악구 신림동,2013-06-25 00:00:00,2013,0
117,청계벽산메가트리움,1.39,1.45,1.043165468,2006-09-25 00:00:00,0,0,0,0,0,0,1.043165468,서울특별시 동대문구 답십리동,2006-09-25 00:00:00,2006,0
118,힐탑하우스,2.25,1.3,0.577777778,2001-06-28 00:00:00,0,0,0,0,0,0,0.577777778,서울특별시 관악구 신림동,2001-06-28 00:00:00,2001,0
119,금호타운,1.96,1.8,0.918367347,2002-09-18 00:00:00,0,0,0,0,0,0,0.918367347,서울특별시 금천구 시흥동,2002-09-18 00:00:00,2002,0
120,국제아트빌,2.1,1.3,0.619047619,2003-04-19 00:00:00,0,0,0,0,0,0,0.619047619,서울특별시 양천구 신정동,2003-04-19 00:00:00,2003,0
121,동광아트빌,2.98,1.8,0.604026846,2003-05-19 00:00:00,0,0,0,0,0,0.91,0.909395973,서울특별시 양천구 신정동,2003-05-19 00:00:00,2003,0
122,답십리엘림퍼스트,6.5,5,0.769230769,2020-12-30 00:00:00,0,0,0,0,0,0,0.769230769,서울특별시 동대문구 답십리동,2020-12-30 00:00:00,2020,0
123,대명맨션,1.5,1.1,0.733333333,2002-09-18 00:00:00,0,0,0,0,0,0.48,1.053333333,서울특별시 금천구 시흥동,2002-09-18 00:00:00,2002,0
124,포레스트힐시티,1.43,1.26,0.881118881,2018-09-17 00:00:00,0,0,0,0,0,0,0.881118881,서울특별시 동대문구 신설동,2018-09-17 00:00:00,2018,0
125,삼덕아트빌,2.3,1.1,0.47826087,2003-01-03 00:00:00,0,0,0,0,0,0,0.47826087,서울특별시 양천구 신정동,2003-01-03 00:00:00,2003,0
126,미성쉐르빌,2.2,1.51,0.686363636,2002-07-18 00:00:00,0,0,0,0,0,0,0.686363636,서울특별시 양천구 신정동,2002-07-18 00:00:00,2002,0
127,만수빌라트,2.05,1.7,0.829268293,2002-07-18 00:00:00,0,0,0,0,0,1.2,1.414634146,서울특별시 금천구 시흥동,2002-07-18 00:00:00,2002,0
128,삼미연립,3.35,1,0.298507463,1984-04-16 00:00:00,0,0,0,0,0,0.48,0.441791045,서울특별시 금천구 시흥동,1984-04-16 00:00:00,1984,0
129,대명랜드마크타워,1.4,1.25,0.892857143,2004-06-07 00:00:00,0,0,0,0,0,0,0.892857143,서울특별시 동대문구 용두동,2004-06-07 00:00:00,2004,0
130,신정빌라,1.94,1.85,0.953608247,2003-02-13 00:00:00,0,0,0,0,0,1.32,1.634020619,서울특별시 금천구 시흥동,2003-02-13 00:00:00,2003,0
131,청계한양아이클래스,1.9,1.7,0.894736842,2019-02-26 00:00:00,0,0,0,0,0,0,0.894736842,서울특별시 동대문구 용두동,2019-02-26 00:00:00,2019,0
132,파크빌,1.8,1.1,0.611111111,2005-09-08 00:00:00,0,0,0,0,0,1.3,1.333333333,서울특별시 금천구 시흥동,2005-09-08 00:00:00,2005,0
133,뉴힐타운,1.85,1.5,0.810810811,2003-04-10 00:00:00,0,0,0,0,0,0,0.810810811,서울특별시 양천구 신정동,2003-04-10 00:00:00,2003,0
134,리치하우스,2.01,1.9,0.945273632,2009-07-02 00:00:00,0,0,0,0,0,0,0.945273632,서울특별시 양천구 신정동,2009-07-02 00:00:00,2009,0
135,청하빌라,2.57,1.35,0.525291829,2013-02-07 00:00:00,0,0,0,0,0,0,0.525291829,서울특별시 양천구 목동,2013-02-07 00:00:00,2013,0
136,영진빌라,1.7,0.65,0.382352941,2003-10-10 00:00:00,0,0,0,0,0,0,0.382352941,서울특별시 양천구 신정동,2003-10-10 00:00:00,2003,0
137,신광화이트빌,3.675,1.5,0.408163265,2002-10-16 00:00:00,0,0,0,1,0,0.756,0.613877551,서울특별시 양천구 신정동,2002-10-16 00:00:00,2002,0
138,대동하이츠빌라,3.75,1,0.266666667,1994-05-30 00:00:00,0,0,0,0,0,0.836,0.4896,서울특별시 양천구 신정동,1994-05-30 00:00:00,1994,0
139,건향파크빌4차,2.9,2.75,0.948275862,2017-06-09 00:00:00,0,0,0,0,0,0,0.948275862,서울특별시 양천구 신정동,2017-06-09 00:00:00,2017,0
140,덕용맨션,2.25,1.8,0.8,1997-10-27 00:00:00,0,0,0,0,0,0,0.8,서울특별시 강서구 화곡동,1997-10-27 00:00:00,1997,0
141,해밀리치빌,2.05,1.7,0.829268293,2003-04-01 00:00:00,0,0,0,0,0,0,0.829268293,서울특별시 양천구 신월동,2003-04-01 00:00:00,2003,0
142,롯데그린빌라,1.6,1.2,0.75,1997-03-29 00:00:00,0,0,0,0,0,0,0.75,서울특별시 양천구 신월동,1997-03-29 00:00:00,1997,0
143,부성빌라,1.4,1.15,0.821428571,1991-05-24 00:00:00,0,0,0,0,0,0,0.821428571,서울특별시 양천구 신월동,1991-05-24 00:00:00,1991,0
144,쉐라톤빌리지,1.45,1.2,0.827586207,1994-06-17 00:00:00,0,0,0,0,0,0,0.827586207,서울특별시 강서구 화곡동,1994-06-17 00:00:00,1994,0
145,로얄,1.75,1.55,0.885714286,2001-09-24 00:00:00,0,0,0,0,0,0.936,1.420571429,서울특별시 강서구 등촌동,2001-09-24 00:00:00,2001,0
146,동원씨티빌,2.35,1.6,0.680851064,2006-01-20 00:00:00,0,0,0,0,0,0,0.680851064,서울특별시 강서구 등촌동,2006-01-20 00:00:00,2006,0
147,명진맨션,2.57,2,0.778210117,2002-04-03 00:00:00,0,0,0,0,0,0,0.778210117,서울특별시 강서구 등촌동,2002-04-03 00:00:00,2002,0
148,보람타운,1.9,1.6,0.842105263,2001-04-28 00:00:00,0,0,0,0,0,0,0.842105263,서울특별시 강서구 등촌동,2001-04-28 00:00:00,2001,0
149,아우름타운,2.85,2.4,0.842105263,2007-04-18 00:00:00,0,0,0,0,0,0,0.842105263,서울특별시 강서구 등촌동,2007-04-18 00:00:00,2007,0
150,제일아트빌,2.3,2,0.869565217,2002-03-26 00:00:00,0,0,0,0,0,1.848,1.673043478,서울특별시 강서구 등촌동,2002-03-26 00:00:00,2002,0
151,천우하이빌,1.6,0.85,0.53125,2001-06-12 00:00:00,0,0,0,0,0,0,0.53125,서울특별시 강서구 등촌동,2001-06-12 00:00:00,2001,0
152,천우하이빌,1.6,1,0.625,2001-06-12 00:00:00,0,0,0,0,0,0,0.625,서울특별시 강서구 등촌동,2001-06-12 00:00:00,2001,0
153,태진아름빌,2.95,2.8,0.949152542,1995-12-02 00:00:00,0,0,0,0,0,2.04,1.640677966,서울특별시 강서구 등촌동,1995-12-02 00:00:00,1995,0
154,효성하이빌,2.22,1.7,0.765765766,2003-07-22 00:00:00,0,0,0,0,0,0,0.765765766,서울특별시 강서구 등촌동,2003-07-22 00:00:00,2003,0
155,건영,2,1.9,0.95,2000-08-07 00:00:00,0,0,0,0,0,0,0.95,서울특별시 강서구 내발산동,2000-08-07 00:00:00,2000,0
156,낙원리더스빌,2.02,1.7,0.841584158,2002-04-10 00:00:00,0,0,0,0,0,0,0.841584158,서울특별시 강서구 내발산동,2002-04-10 00:00:00,2002,0
157,문화럭스빌,1.42,1.3,0.915492958,2002-09-26 00:00:00,0,0,0,0,0,0,0.915492958,서울특별시 강서구 내발산동,2002-09-26 00:00:00,2002,0
158,드림빌라,2.15,1.95,0.906976744,2001-12-29 00:00:00,0,0,0,0,0,1.05,1.395348837,서울특별시 강서구 내발산동,2001-12-29 00:00:00,2001,0
159,래파크,2.6,2,0.769230769,2008-10-06 00:00:00,0,0,0,0,0,0.803,1.078076923,서울특별시 강서구 내발산동,2008-10-06 00:00:00,2008,0
160,바로맨션,3.4,2.9,0.852941176,2003-03-27 00:00:00,0,0,0,0,0,0,0.852941176,서울특별시 강서구 내발산동,2003-03-27 00:00:00,2003,0
161,산호맨션,1.75,1.1,0.628571429,2002-10-18 00:00:00,0,0,0,0,0,0,0.628571429,서울특별시 강서구 내발산동,2002-10-18 00:00:00,2002,0
162,영창아트빌라,1.65,1.2,0.727272727,1997-10-28 00:00:00,0,0,0,0,0,0,0.727272727,서울특별시 강서구 내발산동,1997-10-28 00:00:00,1997,0
163,호수맨션,2.45,2.2,0.897959184,2001-09-13 00:00:00,0,0,0,0,0,0,0.897959184,서울특별시 강서구 내발산동,2001-09-13 00:00:00,2001,0
164,리빙빌,1.47,1.3,0.884353741,2002-04-13 00:00:00,0,0,0,0,0,0.165,0.996598639,경기 광명시 소하동,2002-04-13 00:00:00,2002,0
165,퍼스트빌,2.02,1.8,0.891089109,2014-06-19 00:00:00,0,0,0,0,0,0,0.891089109,서울특별시 강서구 내발산동,2014-06-19 00:00:00,2014,0
166,세윤센스빌,1.69,1.3,0.769230769,2002-01-09 00:00:00,0,0,0,0,0,0.6,1.124260355,경기 광명시 광명동,2002-01-09 00:00:00,2002,0
167,상우빌리지,1.645,1.1,0.668693009,2001-09-14 00:00:00,0,0,0,0,0,0,0.668693009,경기 광명시 광명동,2001-09-14 00:00:00,2001,0
168,류한빌라,1.18,0.45,0.381355932,2002-03-26 00:00:00,0,0,0,0,0,0,0.381355932,경기 광명시 광명동,2002-03-26 00:00:00,2002,0
169,현웅,1.9,1.4,0.736842105,1991-09-18 00:00:00,0,0,0,0,0,0,0.736842105,경기 구리시 인창동 582-3,1991-09-18 00:00:00,1991,0
170,창영주택,1.55,0.9,0.580645161,1994-11-10 00:00:00,0,0,0,0,0,0,0.580645161,경기 구리시 인창동 307-26,1994-11-10 00:00:00,1994,0
171,삼호아트,2.18,1.3,0.596330275,1991-09-30 00:00:00,0,0,0,0,0,1.287,1.186697248,경기 구리시 인창동 307-25,1991-09-30 00:00:00,1991,0
172,청림하이츠빌라트,2.7,2,0.740740741,1998-09-16 00:00:00,0,0,0,0,0,0,0.740740741,경기 구리시 인창동 312,1998-09-16 00:00:00,1998,0
